연도,시도,입학자수,,전문대학,,교육대학,,일반대학,,방송통신대학,,산업대학,,기술대학,,각종학교,,원격및사이버대학,,사내대학,,전공대학,,기능대학,,대학원,,,,,
,,,,,,,,,,,,,,,,,,,,,,,,,,계,,석사,,박사,
,,계,여,계,여,계,여,계,여,계,여,계,여,계,여,계,여,계,여,계,여,계,여,계,여,계,여,계,여,계,여
1999,전체,795998,356583,306802,147553,4840,3715,319278,137967,49648,29495,30882,8572,0,0,275,98,0,0,0,0,0,0,0,0,84273,29183,73826,26647,10447,2536
2000,전체,819779,381957,318135,158102,5075,3719,321399,145611,47387,28914,33240,9860,100,7,364,158,0,0,0,0,0,0,0,0,94079,35586,82374,32487,11705,3099
2001,전체,839516,393342,322687,160023,4959,3620,327031,148434,50949,31151,33870,10465,100,8,358,157,0,0,0,0,0,0,0,0,99562,39484,86992,35937,12570,3547
2002,전체,819052,391921,311304,158268,4971,3620,320534,146576,47175,30165,31896,10507,100,10,288,101,0,0,0,0,0,0,0,0,102784,42674,89557,38640,13227,4034
2003,전체,776291,374483,275318,143866,5166,3693,321116,145728,40195,26447,29720,9532,96,10,192,66,0,0,0,0,0,0,0,0,104488,45141,91178,40813,13310,4328
2004,전체,773741,372952,259182,135933,5783,3961,329509,148753,35203,23501,28444,9071,95,23,195,66,12044,5635,29,0,0,0,0,0,103257,46009,88763,41092,14494,4917
2005,전체,769034,371336,251283,130882,6188,4267,326284,148177,32389,21729,28197,8976,89,8,232,84,16086,8446,31,0,0,0,0,0,108255,48767,92151,43219,16104,5548
2006,전체,775605,376524,254433,131303,6235,4086,335581,153444,31545,20821,22061,7678,98,15,179,48,14529,7607,32,1,0,0,0,0,110912,51521,93907,45582,17005,5939
2007,전체,786757,381933,255395,131403,5741,3918,342250,157169,32493,21118,22304,7743,76,19,261,90,14209,7486,72,1,0,0,0,0,113956,52986,95977,46595,17979,6391
2008,전체,786003,384428,249291,129625,5459,3708,342916,157679,33725,21637,22374,7685,88,25,316,108,18401,10214,62,2,0,0,0,0,113371,53745,95183,46884,18188,6861
2009,전체,791025,387641,242525,126681,5234,3561,347750,158709,34157,22043,19396,6810,73,22,166,62,21564,12315,72,0,0,0,0,0,120088,57438,101159,50138,18929,7300
2010,전체,817225,407556,249144,130829,4862,3408,358511,167820,31240,20838,17572,6456,70,20,342,151,28458,16676,68,2,0,0,0,0,126958,61356,105731,53024,21227,8332
2011,전체,832631,412417,249693,129852,4395,3006,361686,170182,31619,20750,15582,5818,95,25,946,514,29043,17168,63,2,3879,2725,8758,1172,126872,61203,105353,52732,21519,8471
2012,전체,817142,400870,238952,124204,3923,2687,372941,172138,28822,18863,2718,996,76,26,830,482,29209,16520,80,13,4302,3146,9173,1167,126116,60628,102788,51477,23328,9151
2013,전체,788994,389993,227707,120437,3892,2630,365515,170403,29576,19725,2944,1192,80,21,785,477,17254,9638,323,104,4364,3020,9694,1104,126860,61242,101940,51384,24920,9858
2014,전체,791242,393975,221750,116295,3868,2738,363655,171998,25406,16870,3281,1383,68,15,655,408,30455,17620,312,67,4279,2973,9756,1154,127757,62454,101833,52133,25924,10321
2015,전체,774611,389880,214466,112956,3850,2736,355772,172289,21730,14350,3210,1426,46,11,659,435,31173,18130,243,41,4481,3072,9780,993,129201,63441,103047,52890,26154,10551
2016,전체,756527,385595,208808,110548,3849,2727,348393,172489,18301,12310,3120,1402,46,15,633,405,31957,18553,189,24,4525,3135,9734,957,126972,63030,100227,52224,26745,10806
2017,전체,735581,375432,200021,106185,3863,2665,343076,168948,16835,11361,3018,1384,47,17,608,400,30460,17815,157,34,5074,3504,9502,927,122920,62192,97185,51535,25735,10657
2018,전체,734291,376264,198110,105504,3866,2660,342841,170002,16463,10840,2821,1365,42,10,593,391,31342,18355,155,25,5226,3546,9127,866,123705,62700,97857,51728,25848,10972
2019,전체,733517,373516,197897,104818,3870,2559,343248,168499,14689,9501,2898,1362,29,6,594,376,31753,18320,138,39,5908,3854,8571,808,123922,63374,96694,51509,27228,11865
2020,전체,726981,370632,188533,100031,3861,2510,342699,167792,13161,8326,2824,1365,31,6,564,372,34067,19459,106,28,5962,3851,8116,733,127057,66159,98402,53400,28655,12759
2021,전체,697318,354690,166707,89624,3864,2477,329306,159611,12670,7693,2379,1183,27,11,585,385,38273,21758,100,25,4910,3015,7565,639,130932,68269,101338,55018,29594,13251
1999,서울,194061,97674,22906,14018,690,566,77659,37383,49648,29495,2341,585,0,0,0,0,0,0,0,0,0,0,0,0,40817,15627,35452,14085,5365,1542
2000,서울,195110,101819,23239,14496,674,540,77690,39200,47387,28914,2352,607,100,7,0,0,0,0,0,0,0,0,0,0,43668,18055,38036,16304,5632,1751
2001,서울,199994,105389,21682,13828,610,482,77431,38924,50949,31151,2392,762,100,8,0,0,0,0,0,0,0,0,0,0,46830,20234,40669,18196,6161,2038
2002,서울,198021,107070,23679,15366,521,406,76245,38783,47175,30165,2288,758,100,10,0,0,0,0,0,0,0,0,0,0,48013,21582,41638,19423,6375,2159
2003,서울,191661,104946,23201,15221,528,400,76728,39835,40195,26447,2403,703,96,10,0,0,0,0,0,0,0,0,0,0,48510,22330,42055,19997,6455,2333
2004,서울,196856,106160,21852,14123,524,394,78613,40407,35203,23501,2393,821,95,23,0,0,8914,3850,0,0,0,0,0,0,49262,23041,42129,20354,7133,2687
2005,서울,193679,106313,21395,13975,597,449,75650,39870,32389,21729,2505,881,89,8,0,0,11072,5444,0,0,0,0,0,0,49982,23957,42417,20971,7565,2986
2006,서울,192844,105252,20976,13660,603,428,76120,39624,31545,20821,2234,777,98,15,0,0,10687,5241,0,0,0,0,0,0,50581,24686,42350,21492,8231,3194
2007,서울,191588,105681,21590,13875,562,421,75669,40425,32493,21118,2123,701,76,19,0,0,8258,4046,0,0,0,0,0,0,50817,25076,42433,21754,8384,3322
2008,서울,191681,106750,21265,13835,530,403,73674,39754,33725,21637,2146,680,88,25,0,0,11286,5962,0,0,0,0,0,0,48967,24454,40768,21129,8199,3325
2009,서울,199897,111367,21215,13924,503,397,74467,39737,34157,22043,2123,779,73,22,0,0,14617,7485,0,0,0,0,0,0,52742,26980,44172,23291,8570,3689
2010,서울,209578,117679,21151,13900,484,385,76696,41385,31240,20838,2173,704,70,20,0,0,20601,11241,0,0,0,0,0,0,57163,29206,47223,25119,9940,4087
2011,서울,214280,120175,21197,13767,439,342,76527,40806,31619,20750,2159,723,95,25,518,340,20554,11421,0,0,3879,2725,1073,202,56220,29074,46672,24947,9548,4127
2012,서울,215112,118924,20398,13183,396,301,82647,43136,28822,18863,0,0,76,26,559,342,20476,10641,24,12,4302,3146,1104,181,56308,29093,45577,24617,10731,4476
2013,서울,204229,113815,19605,12963,387,276,81216,42599,29576,19725,0,0,80,21,525,335,10937,5508,102,64,4364,3020,1170,180,56267,29124,44594,24282,11673,4842
2014,서울,212963,118940,19740,13046,385,307,83454,44479,25406,16870,0,0,68,15,558,358,20816,11054,74,44,4279,2973,1134,174,57049,29620,44771,24526,12278,5094
2015,서울,210178,118931,19157,12820,380,296,83446,46088,21730,14350,0,0,46,11,549,378,21656,11474,37,24,4481,3072,1150,255,57546,30163,45379,25038,12167,5125
2016,서울,207113,117983,19424,13027,387,307,83883,46680,18301,12310,0,0,46,15,548,351,22617,12140,26,16,4525,3135,1091,265,56265,29737,44092,24583,12173,5154
2017,서울,202310,116191,19142,12762,388,304,83395,46714,16835,11361,0,0,47,17,561,372,20878,11168,35,23,5074,3504,1069,275,54886,29691,43251,24582,11635,5109
2018,서울,202833,116727,18688,12486,388,307,83729,47609,16463,10840,0,0,42,10,555,371,21552,11594,26,12,5226,3546,1113,263,55051,29689,43723,24690,11328,4999
2019,서울,202194,115302,18690,12520,389,284,83541,46916,14689,9501,0,0,29,6,554,369,22004,11563,23,12,5908,3854,984,250,55383,30027,43925,24887,11458,5140
2020,서울,204510,116508,18762,12367,394,286,83875,47408,13161,8326,0,0,31,6,549,371,23535,12082,22,15,5962,3851,1027,225,57192,31571,44820,25860,12372,5711
2021,서울,209753,118390,17988,11686,395,308,84771,47547,12670,7693,0,0,27,11,562,384,27221,14148,24,16,4910,3015,978,196,60207,33386,46935,27107,13272,6279
1999,부산,66775,31832,29132,15233,513,421,29505,13653,0,0,1469,459,0,0,0,0,0,0,0,0,0,0,0,0,6156,2066,5251,1875,905,191
2000,부산,69600,34769,29357,15818,406,281,31204,15399,0,0,1878,650,0,0,0,0,0,0,0,0,0,0,0,0,6755,2621,5775,2380,980,241
2001,부산,69621,34725,28777,15432,406,285,31613,15479,0,0,1881,714,0,0,0,0,0,0,0,0,0,0,0,0,6944,2815,5859,2525,1085,290
2002,부산,68491,33457,28305,14485,437,294,31508,15260,0,0,1852,737,0,0,0,0,0,0,0,0,0,0,0,0,6389,2681,5390,2320,999,361
2003,부산,62919,30659,21664,11690,489,346,31897,14940,0,0,1804,585,0,0,0,0,0,0,0,0,0,0,0,0,7065,3098,5976,2730,1089,368
2004,부산,61361,30203,19482,10969,631,412,32344,15003,0,0,1818,578,0,0,0,0,479,292,0,0,0,0,0,0,6607,2949,5536,2563,1071,386
2005,부산,60370,29324,18702,10241,631,413,31853,14711,0,0,1683,488,0,0,0,0,378,212,0,0,0,0,0,0,7123,3259,5918,2837,1205,422
2006,부산,62136,30293,18285,9808,637,410,35295,16331,0,0,0,0,0,0,0,0,308,209,0,0,0,0,0,0,7611,3535,6333,3071,1278,464
2007,부산,62895,30469,18689,9864,582,378,35369,16312,0,0,0,0,0,0,0,0,320,199,0,0,0,0,0,0,7935,3716,6559,3227,1376,489
2008,부산,62224,30366,17682,9286,558,364,35710,16504,0,0,0,0,0,0,0,0,664,498,0,0,0,0,0,0,7610,3714,6275,3182,1335,532
2009,부산,62807,30136,16645,8652,525,344,35892,16281,0,0,0,0,0,0,0,0,1164,783,0,0,0,0,0,0,8581,4076,7139,3522,1442,554
2010,부산,64835,31644,18022,9361,493,319,36533,17025,0,0,0,0,0,0,0,0,1036,690,0,0,0,0,0,0,8751,4249,7233,3641,1518,608
2011,부산,65498,32034,18615,9471,443,302,36388,17280,0,0,0,0,0,0,0,0,1193,807,0,0,0,0,486,17,8373,4157,6916,3552,1457,605
2012,부산,64161,30851,17481,8868,392,255,36197,16855,0,0,0,0,0,0,0,0,1166,825,0,0,0,0,519,15,8406,4033,6740,3368,1666,665
2013,부산,62301,30247,17042,8812,387,256,35448,16763,0,0,0,0,0,0,0,0,555,409,0,0,0,0,551,21,8318,3986,6679,3338,1639,648
2014,부산,62575,30667,16407,8436,385,248,35208,16663,0,0,0,0,0,0,0,0,1336,1006,0,0,0,0,551,25,8688,4289,6919,3551,1769,738
2015,부산,60081,29479,15720,7865,388,256,33580,16208,0,0,0,0,0,0,0,0,1194,911,0,0,0,0,563,17,8636,4222,6994,3528,1642,694
2016,부산,58479,29567,14977,7683,387,250,32956,16444,0,0,0,0,0,0,0,0,1196,866,0,0,0,0,562,16,8401,4308,6619,3531,1782,777
2017,부산,56260,28233,13731,7105,383,249,32459,15962,0,0,0,0,0,0,0,0,1105,878,0,0,0,0,549,13,8033,4026,6349,3312,1684,714
2018,부산,56307,28347,13521,7112,383,247,32754,16068,0,0,0,0,0,0,0,0,1180,880,0,0,0,0,526,11,7943,4029,6281,3278,1662,751
2019,부산,56069,28069,13117,6795,385,249,32774,16026,0,0,0,0,0,0,0,0,1165,854,0,0,0,0,520,14,8108,4131,6255,3274,1853,857
2020,부산,53799,27311,11054,6174,386,226,32459,15596,0,0,0,0,0,0,0,0,1363,993,0,0,0,0,437,17,8100,4305,6291,3439,1809,866
2021,부산,50377,25491,9671,5528,383,231,30539,14601,0,0,0,0,0,0,0,0,1234,894,0,0,0,0,410,19,8140,4218,6242,3340,1898,878
1999,대구,37004,17264,21970,10246,590,429,10892,5264,0,0,0,0,0,0,0,0,0,0,0,0,0,0,0,0,3552,1325,3031,1192,521,133
2000,대구,38387,19068,23037,11425,617,448,10901,5635,0,0,0,0,0,0,0,0,0,0,0,0,0,0,0,0,3832,1560,3226,1391,606,169
2001,대구,37803,18614,22714,11214,570,402,10691,5364,0,0,0,0,0,0,0,0,0,0,0,0,0,0,0,0,3828,1634,3198,1431,630,203
2002,대구,35435,17285,20827,10267,563,399,10075,4850,0,0,0,0,0,0,0,0,0,0,0,0,0,0,0,0,3970,1769,3322,1543,648,226
2003,대구,31721,15808,17044,8689,572,405,9999,4816,0,0,0,0,0,0,0,0,0,0,0,0,0,0,0,0,4106,1898,3435,1658,671,240
2004,대구,32727,15919,17031,8415,634,395,10350,4738,0,0,0,0,0,0,0,0,468,330,0,0,0,0,0,0,4244,2041,3634,1822,610,219
2005,대구,32308,15668,16591,8238,631,431,10467,4792,0,0,0,0,0,0,0,0,531,350,0,0,0,0,0,0,4088,1857,3426,1618,662,239
2006,대구,33835,16214,17425,8170,629,403,10605,5006,0,0,0,0,0,0,0,0,644,406,0,0,0,0,0,0,4532,2229,3852,1986,680,243
2007,대구,34429,16190,18292,8452,580,409,10086,4586,0,0,0,0,0,0,0,0,908,532,0,0,0,0,0,0,4563,2211,3799,1918,764,293
2008,대구,34158,16385,17742,8275,556,352,10261,4826,0,0,0,0,0,0,0,0,1095,571,0,0,0,0,0,0,4504,2361,3833,2077,671,284
2009,대구,34129,16514,17773,8424,564,385,10002,4706,0,0,0,0,0,0,0,0,1099,605,0,0,0,0,0,0,4691,2394,4042,2120,649,274
2010,대구,35115,17217,18849,9046,529,367,9948,4785,0,0,0,0,0,0,0,0,1104,624,0,0,0,0,0,0,4685,2395,4000,2076,685,319
2011,대구,36238,17781,18842,9102,475,307,9854,4775,0,0,0,0,0,0,0,0,1697,1050,0,0,0,0,808,143,4562,2404,3909,2084,653,320
2012,대구,35712,17491,18361,8812,410,291,9875,4855,0,0,0,0,0,0,0,0,1732,1151,0,0,0,0,805,157,4529,2225,3799,1907,730,318
2013,대구,36138,17499,17641,8611,421,289,10720,4887,0,0,0,0,0,0,0,0,1723,1127,0,0,0,0,845,140,4788,2445,4026,2097,762,348
2014,대구,35189,17290,17041,8426,418,289,10717,5010,0,0,0,0,0,0,0,0,1703,1141,0,0,0,0,854,145,4456,2279,3770,1964,686,315
2015,대구,34600,17022,16340,8069,417,287,10670,5139,0,0,0,0,0,0,0,0,1714,1116,0,0,0,0,848,124,4611,2287,3907,1970,704,317
2016,대구,34015,17009,16126,7872,410,265,10306,5279,0,0,0,0,0,0,0,0,1719,1105,0,0,0,0,816,126,4638,2362,3850,2030,788,332
2017,대구,33339,16523,15784,7783,412,262,10200,4996,0,0,0,0,0,0,0,0,1732,1150,0,0,0,0,771,110,4440,2222,3653,1894,787,328
2018,대구,32843,16334,15635,7666,415,260,10179,4932,0,0,0,0,0,0,0,0,1627,1062,0,0,0,0,637,92,4350,2322,3546,1962,804,360
2019,대구,33246,16500,15943,7809,412,259,10184,4892,0,0,0,0,0,0,0,0,1601,1077,0,0,0,0,536,73,4570,2390,3695,2014,875,376
2020,대구,33107,16701,15358,7725,413,265,10257,4904,0,0,0,0,0,0,0,0,1785,1158,0,0,0,0,451,61,4843,2588,3847,2136,996,452
2021,대구,31027,15767,13902,7073,417,244,10087,4715,0,0,0,0,0,0,0,0,1726,1218,0,0,0,0,360,40,4535,2477,3674,2130,861,347
1999,인천,21026,9289,12528,6518,578,371,5958,1910,0,0,0,0,0,0,0,0,0,0,0,0,0,0,0,0,1962,490,1749,466,213,24
2000,인천,21165,10075,12525,7025,660,404,5929,2045,0,0,0,0,0,0,0,0,0,0,0,0,0,0,0,0,2051,601,1824,571,227,30
2001,인천,21869,10300,12917,7004,661,402,6090,2170,0,0,0,0,0,0,0,0,0,0,0,0,0,0,0,0,2201,724,1969,680,232,44
2002,인천,22346,10937,13517,7414,653,434,5849,2245,0,0,0,0,0,0,0,0,0,0,0,0,0,0,0,0,2327,844,2063,795,264,49
2003,인천,22208,10971,13412,7431,663,411,5994,2310,0,0,0,0,0,0,0,0,0,0,0,0,0,0,0,0,2139,819,1935,769,204,50
2004,인천,22008,10435,12872,6907,660,404,6202,2198,0,0,0,0,0,0,0,0,0,0,0,0,0,0,0,0,2274,926,1968,850,306,76
2005,인천,21479,10059,12355,6504,510,328,6364,2259,0,0,0,0,0,0,0,0,0,0,0,0,0,0,0,0,2250,968,1951,887,299,81
2006,인천,20533,9716,10508,5447,513,310,7014,2869,0,0,0,0,0,0,0,0,0,0,0,0,0,0,0,0,2498,1090,2191,1015,307,75
2007,인천,20516,9635,10560,5400,472,304,6850,2779,0,0,0,0,0,0,0,0,0,0,0,0,0,0,0,0,2634,1152,2283,1039,351,113
2008,인천,20428,9747,10291,5405,439,276,6822,2803,0,0,0,0,0,0,0,0,0,0,0,0,0,0,0,0,2876,1263,2461,1154,415,109
2009,인천,21107,10220,10285,5474,412,286,7215,3062,0,0,0,0,0,0,0,0,0,0,0,0,0,0,0,0,3195,1398,2720,1262,475,136
2010,인천,18937,9439,7321,4307,376,283,8111,3426,0,0,0,0,0,0,0,0,0,0,0,0,0,0,0,0,3129,1423,2675,1276,454,147
2011,인천,20585,10049,7523,4419,697,497,8235,3526,0,0,0,0,0,0,0,0,0,0,0,0,0,0,982,127,3148,1480,2675,1339,473,141
2012,인천,19440,9205,7432,4333,645,469,7279,2868,0,0,0,0,0,0,0,0,0,0,0,0,0,0,1038,104,3046,1431,2608,1282,438,149
2013,인천,19373,9205,7275,4231,652,488,7130,2899,0,0,0,0,0,0,0,0,0,0,0,0,0,0,1269,128,3047,1459,2568,1284,479,175
2014,인천,19740,9520,7669,4564,639,464,7072,2872,0,0,0,0,0,0,0,0,0,0,0,0,0,0,1277,143,3083,1477,2586,1308,497,169
2015,인천,19448,9490,7498,4484,646,459,7082,3001,0,0,0,0,0,0,0,0,0,0,0,0,0,0,1291,117,2931,1429,2474,1259,457,170
2016,인천,19194,9453,7365,4370,659,527,6948,3035,0,0,0,0,0,0,0,0,0,0,0,0,0,0,1280,97,2942,1424,2451,1256,491,168
2017,인천,18806,9130,7188,4239,657,495,6800,2823,0,0,0,0,0,0,0,0,0,0,0,0,0,0,1217,129,2944,1444,2502,1274,442,170
2018,인천,18948,9332,7440,4264,658,517,6965,3056,0,0,0,0,0,0,0,0,0,0,0,0,0,0,1094,134,2791,1361,2337,1200,454,161
2019,인천,18783,9154,7418,4262,659,501,6970,2993,0,0,0,0,0,0,0,0,0,0,0,0,0,0,1088,111,2648,1287,2199,1123,449,164
2020,인천,18969,9260,7418,4199,656,501,7044,3097,0,0,0,0,0,0,0,0,0,0,0,0,0,0,1074,80,2777,1383,2304,1204,473,179
2021,인천,18690,8861,6886,3805,657,487,7092,2953,0,0,0,0,0,0,0,0,0,0,0,0,0,0,1034,79,3021,1537,2560,1365,461,172
1999,광주,33559,15278,13754,6671,368,277,13026,5982,0,0,3035,1183,0,0,0,0,0,0,0,0,0,0,0,0,3376,1165,2911,1048,465,117
2000,광주,34673,16282,13855,6939,408,308,13137,6181,0,0,3288,1335,0,0,0,0,0,0,0,0,0,0,0,0,3985,1519,3398,1344,587,175
2001,광주,34781,16349,14069,6975,405,303,13104,6238,0,0,3235,1297,0,0,0,0,0,0,0,0,0,0,0,0,3968,1536,3379,1386,589,150
2002,광주,33308,16104,13211,6710,437,308,12765,6292,0,0,2682,1156,0,0,0,0,0,0,0,0,0,0,0,0,4213,1638,3528,1423,685,215
2003,광주,31241,15373,12065,6362,473,310,12761,6086,0,0,1774,819,0,0,0,0,0,0,0,0,0,0,0,0,4168,1796,3496,1581,672,215
2004,광주,30656,15197,11513,6194,536,328,14512,6835,0,0,0,0,0,0,0,0,0,0,0,0,0,0,0,0,4095,1840,3363,1597,732,243
2005,광주,30289,15126,10783,5755,534,320,14658,7116,0,0,0,0,0,0,0,0,0,0,0,0,0,0,0,0,4314,1935,3475,1646,839,289
2006,광주,30508,15512,11225,5995,540,311,14511,7218,0,0,0,0,0,0,0,0,0,0,0,0,0,0,0,0,4232,1988,3483,1744,749,244
2007,광주,31017,15877,10980,5960,497,302,15080,7459,0,0,0,0,0,0,0,0,0,0,0,0,0,0,0,0,4460,2156,3702,1896,758,260
2008,광주,30274,15577,10598,5765,471,285,14740,7374,0,0,0,0,0,0,0,0,0,0,0,0,0,0,0,0,4465,2153,3643,1804,822,349
2009,광주,30366,15501,10598,5704,463,266,14379,7144,0,0,0,0,0,0,0,0,0,0,0,0,0,0,0,0,4926,2387,4077,2048,849,339
2010,광주,31732,16242,11036,5872,437,258,15169,7639,0,0,0,0,0,0,0,0,0,0,0,0,0,0,0,0,5090,2473,4179,2081,911,392
2011,광주,32353,16365,10823,5649,403,252,15235,7823,0,0,0,0,0,0,0,0,0,0,0,0,0,0,413,10,5479,2631,4433,2182,1046,449
2012,광주,30939,15362,8439,4257,357,230,16193,8193,0,0,0,0,0,0,0,0,0,0,0,0,0,0,432,9,5518,2673,4418,2229,1100,444
2013,광주,30223,15250,8102,4216,355,219,15941,8172,0,0,0,0,0,0,0,0,0,0,0,0,0,0,431,10,5394,2633,4347,2232,1047,401
2014,광주,30448,15209,8233,4104,355,218,15834,8133,0,0,0,0,0,0,0,0,0,0,0,0,0,0,466,17,5560,2737,4440,2282,1120,455
2015,광주,28819,14521,7934,3906,353,229,14748,7756,0,0,0,0,0,0,0,0,0,0,0,0,0,0,464,15,5320,2615,4170,2137,1150,478
2016,광주,28254,14416,7737,3892,344,211,14528,7780,0,0,0,0,0,0,0,0,0,0,0,0,0,0,459,20,5186,2513,4062,2065,1124,448
2017,광주,27693,14055,7604,3716,346,198,14412,7699,0,0,0,0,0,0,0,0,0,0,0,0,0,0,441,11,4890,2431,3772,1977,1118,454
2018,광주,27681,14110,7526,3742,352,221,14567,7760,0,0,0,0,0,0,0,0,0,0,0,0,0,0,471,11,4765,2376,3536,1875,1229,501
2019,광주,27329,13734,7441,3590,351,212,14628,7698,0,0,0,0,0,0,0,0,0,0,0,0,0,0,404,14,4505,2220,3343,1735,1162,485
2020,광주,27379,13937,7297,3597,350,222,14650,7720,0,0,0,0,0,0,0,0,0,0,0,0,0,0,412,20,4670,2378,3431,1815,1239,563
2021,광주,26202,13272,6618,3294,337,199,14134,7331,0,0,0,0,0,0,0,0,0,0,0,0,0,0,398,9,4715,2439,3556,1950,1159,489
1999,대전,34517,14903,12065,6270,0,0,15393,6547,0,0,3255,1050,0,0,120,40,0,0,0,0,0,0,0,0,3684,996,3222,904,462,92
2000,대전,37059,16673,13371,7116,0,0,15990,7091,0,0,3452,1168,0,0,95,39,0,0,0,0,0,0,0,0,4151,1259,3592,1145,559,114
2001,대전,37267,16819,13528,6991,0,0,15745,7128,0,0,3601,1320,0,0,112,40,0,0,0,0,0,0,0,0,4281,1340,3723,1219,558,121
2002,대전,36808,16725,13284,7004,0,0,15223,6840,0,0,3624,1300,0,0,107,36,0,0,0,0,0,0,0,0,4570,1545,3980,1391,590,154
2003,대전,35098,15573,11020,5920,0,0,15796,6733,0,0,3413,1330,0,0,82,31,0,0,0,0,0,0,0,0,4787,1559,4163,1412,624,147
2004,대전,34804,15606,10853,5853,0,0,15349,6620,0,0,3720,1387,0,0,66,20,0,0,0,0,0,0,0,0,4816,1726,4088,1526,728,200
2005,대전,34622,15435,10938,5703,0,0,14853,6475,0,0,3643,1300,0,0,80,36,0,0,0,0,0,0,0,0,5108,1921,4257,1705,851,216
2006,대전,35672,15964,11041,5633,0,0,15882,7006,0,0,3606,1355,0,0,71,23,0,0,0,0,0,0,0,0,5072,1947,4230,1691,842,256
2007,대전,36983,16478,11874,5849,0,0,16067,7090,0,0,3587,1350,0,0,66,22,0,0,0,0,0,0,0,0,5389,2167,4470,1890,919,277
2008,대전,35976,15871,10778,5249,0,0,16199,7202,0,0,3666,1292,0,0,76,27,0,0,0,0,0,0,0,0,5257,2101,4314,1792,943,309
2009,대전,34949,15491,9340,4811,0,0,18354,7864,0,0,1906,615,0,0,0,0,0,0,0,0,0,0,0,0,5349,2201,4491,1910,858,291
2010,대전,35951,16559,9929,5082,0,0,18526,8515,0,0,1938,626,0,0,0,0,0,0,0,0,0,0,0,0,5558,2336,4608,2023,950,313
2011,대전,39544,17379,10031,5091,0,0,19546,8925,0,0,1883,635,0,0,0,0,0,0,0,0,0,0,432,28,7652,2700,6055,2278,1597,422
2012,대전,39504,17104,9887,4942,0,0,21053,9008,0,0,0,0,0,0,0,0,482,310,0,0,0,0,537,47,7545,2797,5889,2319,1656,478
2013,대전,39500,17337,9519,4876,0,0,20835,9180,0,0,0,0,0,0,0,0,451,323,40,17,0,0,534,26,8121,2915,6182,2381,1939,534
2014,대전,39601,17573,9563,4820,0,0,20730,9196,0,0,0,0,0,0,0,0,721,487,40,19,0,0,546,30,8001,3021,6124,2482,1877,539
2015,대전,38839,17497,9302,4786,0,0,20281,9277,0,0,0,0,0,0,0,0,588,433,25,9,0,0,582,29,8061,2963,6024,2382,2037,581
2016,대전,37818,17331,9247,4824,0,0,19542,9116,0,0,0,0,0,0,0,0,441,310,22,0,0,0,562,33,8004,3048,5834,2361,2170,687
2017,대전,36800,17018,8747,4501,0,0,19262,8987,0,0,0,0,0,0,0,0,733,536,26,7,0,0,545,30,7487,2957,5539,2379,1948,578
2018,대전,37152,17202,8593,4490,0,0,19493,9083,0,0,0,0,0,0,0,0,945,691,33,10,0,0,496,34,7592,2894,5615,2313,1977,581
2019,대전,37342,17441,8874,4600,0,0,19360,9025,0,0,0,0,0,0,0,0,1027,776,40,22,0,0,490,39,7551,2979,5336,2261,2215,718
2020,대전,36675,17027,8102,4124,0,0,19212,9014,0,0,0,0,0,0,0,0,939,689,31,10,0,0,453,29,7938,3161,5496,2331,2442,830
2021,대전,33711,15450,6266,3339,0,0,18373,8241,0,0,0,0,0,0,0,0,1040,743,17,5,0,0,372,24,7643,3098,5429,2325,2214,773
1999,울산,6231,2417,2576,1084,0,0,3045,1188,0,0,0,0,0,0,0,0,0,0,0,0,0,0,0,0,610,145,546,133,64,12
2000,울산,7464,3134,3641,1665,0,0,3113,1272,0,0,0,0,0,0,0,0,0,0,0,0,0,0,0,0,710,197,633,179,77,18
2001,울산,8489,3896,4739,2383,0,0,3088,1306,0,0,0,0,0,0,0,0,0,0,0,0,0,0,0,0,662,207,565,183,97,24
2002,울산,8301,3770,4503,2210,0,0,3035,1275,0,0,0,0,0,0,0,0,0,0,0,0,0,0,0,0,763,285,662,259,101,26
2003,울산,7958,3591,4129,2095,0,0,3076,1198,0,0,0,0,0,0,0,0,0,0,0,0,0,0,0,0,753,298,643,267,110,31
2004,울산,7525,3221,3543,1734,0,0,3158,1142,0,0,0,0,0,0,0,0,0,0,0,0,0,0,0,0,824,345,708,310,116,35
2005,울산,7543,3325,3602,1755,0,0,3145,1233,0,0,0,0,0,0,0,0,0,0,0,0,0,0,0,0,796,337,664,290,132,47
2006,울산,7529,3329,3441,1659,0,0,3206,1289,0,0,0,0,0,0,0,0,0,0,0,0,0,0,0,0,882,381,726,328,156,53
2007,울산,7686,3292,3545,1638,0,0,3199,1268,0,0,0,0,0,0,0,0,0,0,0,0,0,0,0,0,942,386,760,332,182,54
2008,울산,7756,3398,3512,1637,0,0,3238,1329,0,0,0,0,0,0,0,0,0,0,0,0,0,0,0,0,1006,432,822,367,184,65
2009,울산,8387,3640,3568,1692,0,0,3768,1481,0,0,0,0,0,0,0,0,0,0,0,0,0,0,0,0,1051,467,846,410,205,57
2010,울산,8722,3730,3555,1664,0,0,4011,1577,0,0,0,0,0,0,0,0,0,0,0,0,0,0,0,0,1156,489,893,409,263,80
2011,울산,9058,3897,3564,1716,0,0,3903,1643,0,0,0,0,0,0,0,0,0,0,0,0,0,0,431,29,1160,509,882,434,278,75
2012,울산,9165,3856,3580,1665,0,0,3876,1632,0,0,0,0,0,0,0,0,0,0,0,0,0,0,494,31,1215,528,951,430,264,98
2013,울산,8927,3734,3203,1580,0,0,3855,1604,0,0,0,0,0,0,0,0,0,0,60,4,0,0,518,28,1291,518,913,391,378,127
2014,울산,8802,3693,3060,1546,0,0,3872,1599,0,0,0,0,0,0,0,0,0,0,60,0,0,0,506,20,1304,528,865,386,439,142
2015,울산,8699,3651,2978,1429,0,0,3769,1603,0,0,0,0,0,0,0,0,0,0,60,1,0,0,510,34,1382,584,896,415,486,169
2016,울산,8172,3551,2865,1461,0,0,3355,1516,0,0,0,0,0,0,0,0,0,0,54,4,0,0,484,23,1414,547,861,397,553,150
2017,울산,8127,3536,2851,1427,0,0,3321,1528,0,0,0,0,0,0,0,0,0,0,49,4,0,0,476,21,1430,556,877,391,553,165
2018,울산,8058,3509,2920,1459,0,0,3306,1452,0,0,0,0,0,0,0,0,0,0,42,2,0,0,475,19,1315,577,817,409,498,168
2019,울산,8365,3673,3081,1504,0,0,3316,1518,0,0,0,0,0,0,0,0,0,0,38,3,0,0,401,6,1529,642,1002,464,527,178
2020,울산,8249,3539,3158,1464,0,0,3294,1457,0,0,0,0,0,0,0,0,0,0,0,0,0,0,377,6,1420,612,935,426,485,186
2021,울산,8153,3475,2916,1422,0,0,3236,1320,0,0,0,0,0,0,0,0,0,0,0,0,0,0,346,7,1655,726,1090,522,565,204
2013,세종,5216,2222,1669,952,0,0,3157,1142,0,0,0,0,0,0,0,0,0,0,0,0,0,0,0,0,390,128,298,104,92,24
2014,세종,5147,2198,1622,909,0,0,3077,1126,0,0,0,0,0,0,0,0,0,0,0,0,0,0,0,0,448,163,320,115,128,48
2015,세종,5362,2369,1441,829,0,0,3089,1229,0,0,0,0,0,0,0,0,0,0,0,0,0,0,0,0,832,311,698,259,134,52
2016,세종,5383,2442,1503,876,0,0,3077,1237,0,0,0,0,0,0,0,0,0,0,0,0,0,0,0,0,803,329,692,287,111,42
2017,세종,5290,2423,1454,822,0,0,3006,1262,0,0,0,0,0,0,0,0,0,0,0,0,0,0,0,0,830,339,710,294,120,45
2018,세종,5119,2400,1498,904,0,0,2847,1180,0,0,0,0,0,0,0,0,0,0,0,0,0,0,0,0,774,316,644,273,130,43
2019,세종,5177,2473,1543,902,0,0,2879,1283,0,0,0,0,0,0,0,0,0,0,0,0,0,0,0,0,755,288,632,241,123,47
2020,세종,5141,2394,1433,798,0,0,2863,1223,0,0,0,0,0,0,0,0,0,0,0,0,0,0,0,0,845,373,716,325,129,48
2021,세종,5106,2253,1209,652,0,0,2916,1195,0,0,0,0,0,0,0,0,0,0,0,0,0,0,0,0,981,406,811,342,170,64
1999,경기,116204,51120,72231,33722,0,0,36501,15651,0,0,2201,463,0,0,69,22,0,0,0,0,0,0,0,0,5202,1262,4819,1202,383,60
2000,경기,122282,56377,77069,38132,0,0,36569,15732,0,0,2165,544,0,0,61,20,0,0,0,0,0,0,0,0,6418,1949,5913,1863,505,86
2001,경기,123943,57814,78436,38920,0,0,36362,16024,0,0,2245,604,0,0,53,22,0,0,0,0,0,0,0,0,6847,2244,6318,2125,529,119
2002,경기,128545,60752,81849,41507,0,0,35937,15909,0,0,2916,710,0,0,114,39,0,0,0,0,0,0,0,0,7729,2587,7085,2445,644,142
2003,경기,127592,60096,79405,40000,0,0,37023,16379,0,0,2961,785,0,0,53,20,0,0,0,0,0,0,0,0,8150,2912,7476,2761,674,151
2004,경기,126836,59808,77026,38351,0,0,37207,16952,0,0,3293,851,0,0,31,15,1352,671,29,0,0,0,0,0,7898,2968,7252,2823,646,145
2005,경기,130404,61043,76000,37458,490,321,38840,17430,0,0,3145,922,0,0,27,13,2718,1509,31,0,0,0,0,0,9153,3390,8206,3177,947,213
2006,경기,132656,62255,77525,38337,496,298,39095,17698,0,0,3147,888,0,0,16,8,2026,1172,32,1,0,0,0,0,10319,3853,9177,3569,1142,284
2007,경기,130224,61278,71167,35058,455,286,41117,19121,0,0,3180,940,0,0,33,17,3784,2064,32,1,0,0,0,0,10456,3791,9240,3487,1216,304
2008,경기,135923,64846,71485,35746,437,278,44216,20574,0,0,3052,948,0,0,29,13,4111,2305,32,1,0,0,0,0,12561,4981,10833,4446,1728,535
2009,경기,134105,63786,71195,35672,427,309,45211,20832,0,0,2994,862,0,0,30,17,1756,1233,32,0,0,0,0,0,12460,4861,10872,4380,1588,481
2010,경기,133692,65649,72559,36882,393,298,43628,21212,0,0,3069,972,0,0,27,16,2045,1420,28,2,0,0,0,0,11943,4847,10528,4371,1415,476
2011,경기,134217,65867,72959,37385,0,0,43927,21227,0,0,3048,885,0,0,17,9,1596,1087,23,2,0,0,1044,408,11603,4864,10159,4349,1444,515
2012,경기,132209,64945,73154,37568,0,0,44785,21035,0,0,0,0,0,0,18,11,1508,984,16,1,0,0,1072,410,11656,4936,10084,4370,1572,566
2013,경기,129104,64054,70808,36920,0,0,43920,20688,0,0,0,0,0,0,18,9,1069,687,16,2,0,0,1077,377,12196,5371,10470,4727,1726,644
2014,경기,124892,62636,67233,34981,0,0,42980,20988,0,0,0,0,0,0,8,4,1416,924,12,0,0,0,1083,389,12160,5350,10271,4608,1889,742
2015,경기,122780,61965,65151,34075,0,0,42164,20887,0,0,0,0,0,0,0,0,1597,1069,12,1,0,0,1073,186,12783,5747,10760,4944,2023,803
2016,경기,120124,60633,63518,33083,0,0,41321,20709,0,0,0,0,0,0,0,0,1510,993,15,0,0,0,1066,124,12694,5724,10524,4845,2170,879
2017,경기,116932,58771,61247,31765,0,0,40680,20153,0,0,0,0,0,0,0,0,1417,881,9,0,0,0,1101,105,12478,5867,10421,4968,2057,899
2018,경기,117855,59447,61251,31865,0,0,40861,20364,0,0,0,0,0,0,0,0,1421,922,12,1,0,0,1053,84,13257,6211,11035,5179,2222,1032
2019,경기,118752,59785,61681,32065,0,0,41422,20347,0,0,0,0,0,0,0,0,1204,754,11,2,0,0,1036,87,13398,6530,11006,5393,2392,1137
2020,경기,116960,58263,60204,30684,0,0,41251,20148,0,0,0,0,0,0,0,0,1252,819,15,3,0,0,968,87,13270,6522,10903,5400,2367,1122
2021,경기,107623,53443,51070,26405,0,0,40847,19523,0,0,0,0,0,0,0,0,1694,999,14,2,0,0,768,69,13230,6445,10598,5165,2632,1280
1999,강원,31405,12440,11872,5521,431,326,15094,5598,0,0,1932,394,0,0,0,0,0,0,0,0,0,0,0,0,2076,601,1899,569,177,32
2000,강원,32272,13472,11548,5731,458,342,15936,6183,0,0,1876,387,0,0,0,0,0,0,0,0,0,0,0,0,2454,829,2184,777,270,52
2001,강원,32814,13718,11549,5706,438,332,16605,6428,0,0,1902,445,0,0,0,0,0,0,0,0,0,0,0,0,2320,807,2067,767,253,40
2002,강원,32011,13756,10848,5432,452,337,16132,6527,0,0,1924,444,0,0,0,0,0,0,0,0,0,0,0,0,2655,1016,2368,977,287,39
2003,강원,28825,12219,8313,4329,468,351,15594,6021,0,0,1906,479,0,0,0,0,0,0,0,0,0,0,0,0,2544,1039,2234,955,310,84
2004,강원,27862,11687,7652,3952,555,411,15151,5831,0,0,2058,497,0,0,0,0,0,0,0,0,0,0,0,0,2446,996,2110,906,336,90
2005,강원,27528,11448,7847,3963,555,410,14657,5606,0,0,2018,500,0,0,0,0,0,0,0,0,0,0,0,0,2451,969,2093,873,358,96
2006,강원,27743,11699,7768,3906,564,412,16920,6328,0,0,0,0,0,0,0,0,0,0,0,0,0,0,0,0,2491,1053,2133,955,358,98
2007,강원,30226,12413,7960,3916,514,360,19075,7085,0,0,0,0,0,0,0,0,0,0,0,0,0,0,0,0,2677,1052,2286,944,391,108
2008,강원,29160,11942,7521,3702,485,362,18466,6811,0,0,0,0,0,0,0,0,0,0,0,0,0,0,0,0,2688,1067,2310,948,378,119
2009,강원,29251,11866,7254,3625,471,336,18882,6801,0,0,0,0,0,0,0,0,0,0,0,0,0,0,0,0,2644,1104,2299,1017,345,87
2010,강원,30992,13009,8033,3883,446,330,19314,7405,0,0,0,0,0,0,0,0,0,0,0,0,0,0,0,0,3199,1391,2727,1227,472,164
2011,강원,31160,12998,8450,4065,397,256,19153,7428,0,0,0,0,0,0,0,0,0,0,0,0,0,0,281,21,2879,1228,2451,1091,428,137
2012,강원,30095,12571,7929,3884,354,235,18735,7164,0,0,0,0,0,0,0,0,0,0,0,0,0,0,276,19,2801,1269,2378,1113,423,156
2013,강원,29461,12500,6895,3371,348,209,19139,7636,0,0,0,0,0,0,0,0,0,0,0,0,0,0,256,19,2823,1265,2318,1069,505,196
2014,강원,29083,12347,7032,3367,348,254,18649,7384,0,0,0,0,0,0,0,0,0,0,0,0,0,0,252,24,2802,1318,2292,1129,510,189
2015,강원,28458,12100,7030,3425,344,254,18164,7216,0,0,0,0,0,0,0,0,0,0,0,0,0,0,256,19,2664,1186,2115,1002,549,184
2016,강원,27142,11838,6633,3282,344,267,17229,7029,0,0,0,0,0,0,0,0,0,0,0,0,0,0,313,22,2623,1238,2156,1055,467,183
2017,강원,26130,11587,6275,3155,343,246,16821,7058,0,0,0,0,0,0,0,0,0,0,0,0,0,0,315,20,2376,1108,1896,926,480,182
2018,강원,25519,11477,6097,3105,343,240,16312,6970,0,0,0,0,0,0,0,0,0,0,0,0,0,0,316,23,2451,1139,1952,951,499,188
2019,강원,25504,11605,5835,2994,343,216,16389,7106,0,0,0,0,0,0,0,0,0,0,0,0,0,0,246,15,2691,1274,2117,1055,574,219
2020,강원,24658,11162,4367,2313,342,212,16913,7276,0,0,0,0,0,0,0,0,0,0,0,0,0,0,271,18,2765,1343,2187,1105,578,238
2021,강원,22198,10088,3658,1975,341,209,14987,6517,0,0,0,0,0,0,0,0,0,0,0,0,0,0,260,14,2952,1373,2290,1131,662,242
1999,충북,31239,13142,11713,5342,361,272,14428,6078,0,0,1872,412,0,0,0,0,0,0,0,0,0,0,0,0,2865,1038,2533,975,332,63
2000,충북,32116,13845,12189,5409,396,300,14580,6476,0,0,1847,460,0,0,0,0,0,0,0,0,0,0,0,0,3104,1200,2742,1129,362,71
2001,충북,32423,13901,11865,5018,396,297,14562,6509,0,0,1912,483,0,0,0,0,0,0,0,0,0,0,0,0,3688,1594,3330,1521,358,73
2002,충북,32830,14456,12492,5582,406,301,14771,6522,0,0,1781,449,0,0,0,0,0,0,0,0,0,0,0,0,3380,1602,3017,1495,363,107
2003,충북,30192,13295,9563,4474,406,309,14727,6357,0,0,1909,457,0,0,0,0,0,0,0,0,0,0,0,0,3587,1698,3199,1592,388,106
2004,충북,28579,12790,7935,3897,476,368,15118,6453,0,0,1878,434,0,0,0,0,0,0,0,0,0,0,0,0,3172,1638,2801,1508,371,130
2005,충북,28607,12901,7148,3508,476,362,15219,6660,0,0,1958,437,0,0,0,0,0,0,0,0,0,0,0,0,3806,1934,3325,1776,481,158
2006,충북,29280,13414,6972,3267,478,342,15809,7066,0,0,2186,718,0,0,0,0,0,0,0,0,0,0,0,0,3835,2021,3411,1882,424,139
2007,충북,31489,14334,8896,4086,447,330,16019,7086,0,0,2139,762,0,0,0,0,0,0,0,0,0,0,0,0,3988,2070,3518,1900,470,170
2008,충북,30995,13977,8586,3875,423,297,15972,7067,0,0,2166,734,0,0,0,0,0,0,0,0,0,0,0,0,3848,2004,3404,1846,444,158
2009,충북,30483,13802,8118,3712,439,294,15877,7029,0,0,2156,744,0,0,0,0,0,0,0,0,0,0,0,0,3893,2023,3451,1863,442,160
2010,충북,32463,14886,9117,4265,399,288,18601,8086,0,0,0,0,0,0,122,61,0,0,0,0,0,0,0,0,4224,2186,3685,1979,539,207
2011,충북,32680,14657,9102,4051,356,241,18699,8236,0,0,0,0,0,0,87,21,0,0,0,0,0,0,384,14,4052,2094,3544,1923,508,171
2012,충북,32486,14112,8621,3953,315,218,19058,7871,0,0,0,0,0,0,47,18,0,0,0,0,0,0,418,20,4027,2032,3400,1780,627,252
2013,충북,31832,14018,8203,3841,313,212,18871,7950,0,0,0,0,0,0,88,40,0,0,0,0,0,0,412,13,3945,1962,3297,1680,648,282
2014,충북,31704,14232,7972,3605,313,222,18836,8336,0,0,0,0,0,0,89,46,0,0,0,0,0,0,418,11,4076,2012,3442,1765,634,247
2015,충북,30577,13746,7341,3450,309,228,18225,7849,0,0,0,0,0,0,110,57,0,0,0,0,0,0,411,27,4181,2135,3504,1835,677,300
2016,충북,29497,13430,7005,3382,308,213,17689,7737,0,0,0,0,0,0,85,54,0,0,0,0,0,0,412,23,3998,2021,3326,1752,672,269
2017,충북,28658,13046,6696,3327,308,221,17203,7426,0,0,0,0,0,0,47,28,0,0,0,0,0,0,405,19,3999,2025,3283,1712,716,313
2018,충북,28476,13175,6448,3245,307,192,17035,7445,0,0,0,0,0,0,38,20,0,0,0,0,0,0,397,14,4251,2259,3494,1904,757,355
2019,충북,28061,12764,6357,3065,306,192,17014,7512,0,0,0,0,0,0,40,7,0,0,0,0,0,0,405,21,3939,1967,3173,1672,766,295
2020,충북,27547,12654,5741,2942,306,203,17004,7436,0,0,0,0,0,0,15,1,0,0,0,0,0,0,364,14,4117,2058,3286,1712,831,346
2021,충북,25637,12081,4871,2621,312,203,15691,7024,0,0,0,0,0,0,23,1,0,0,0,0,0,0,383,19,4357,2213,3508,1821,849,392
1999,충남,46683,18975,13265,6125,473,425,26175,10314,0,0,4366,1371,0,0,86,36,0,0,0,0,0,0,0,0,2318,704,2224,698,94,6
2000,충남,48127,20395,13690,6393,512,384,25938,10731,0,0,4439,1637,0,0,208,99,0,0,0,0,0,0,0,0,3340,1151,3163,1132,177,19
2001,충남,50060,21726,12774,5859,531,400,28267,12271,0,0,4445,1779,0,0,193,95,0,0,0,0,0,0,0,0,3850,1322,3607,1289,243,33
2002,충남,51358,23295,12528,5911,530,416,29575,13239,0,0,4389,2001,0,0,67,26,0,0,0,0,0,0,0,0,4269,1702,3981,1650,288,52
2003,충남,51147,22644,10987,5220,530,396,30651,13354,0,0,4307,1747,0,0,57,15,0,0,0,0,0,0,0,0,4615,1912,4304,1844,311,68
2004,충남,50398,22656,10355,5124,590,435,31261,13652,0,0,4038,1631,0,0,98,31,0,0,0,0,0,0,0,0,4056,1783,3709,1717,347,66
2005,충남,48795,21480,8678,4301,588,412,31264,13389,0,0,3768,1452,0,0,125,35,0,0,0,0,0,0,0,0,4372,1891,3948,1796,424,95
2006,충남,50942,23620,9776,4752,593,394,31836,14497,0,0,4301,1939,0,0,92,17,0,0,0,0,0,0,0,0,4344,2021,3926,1923,418,98
2007,충남,52353,24307,10685,5166,535,369,32113,14642,0,0,4354,2013,0,0,162,51,0,0,0,0,0,0,0,0,4504,2066,4043,1937,461,129
2008,충남,52749,24383,10450,4980,530,367,32468,14736,0,0,4554,2072,0,0,211,68,0,0,0,0,0,0,0,0,4536,2160,4015,1987,521,173
2009,충남,52554,24067,9803,4757,534,366,32620,14676,0,0,4558,2016,0,0,136,45,0,0,0,0,0,0,0,0,4903,2207,4282,2021,621,186
2010,충남,55076,26006,10951,5462,480,334,32998,15225,0,0,4569,2132,0,0,193,74,546,396,0,0,0,0,0,0,5339,2383,4503,2110,836,273
2011,충남,56087,26590,10830,5349,438,297,33118,15551,0,0,4519,2211,0,0,324,144,654,420,0,0,0,0,583,122,5621,2496,4757,2215,864,281
2012,충남,54695,25561,10340,5165,388,241,35584,16637,0,0,1527,574,0,0,206,111,634,362,0,0,0,0,602,121,5414,2350,4479,2039,935,311
2013,충남,47604,22681,8358,4086,381,256,31031,14889,0,0,1551,673,0,0,154,93,569,351,0,0,0,0,648,106,4912,2227,3998,1869,914,358
2014,충남,47236,22671,8084,3832,379,270,30886,14966,0,0,1697,754,0,0,0,0,784,499,0,0,0,0,659,107,4747,2243,3992,1935,755,308
2015,충남,45940,22380,8092,3864,372,264,29650,14618,0,0,1682,795,0,0,0,0,725,473,0,0,0,0,670,105,4749,2261,3987,1948,762,313
2016,충남,44355,22129,7653,3757,372,253,28395,14363,0,0,1660,816,0,0,0,0,791,482,0,0,0,0,654,120,4830,2338,3979,1980,851,358
2017,충남,43427,21515,7292,3514,381,240,27986,14012,0,0,1615,777,0,0,0,0,809,549,0,0,0,0,629,106,4715,2317,3892,1966,823,351
2018,충남,43301,21533,7106,3475,379,250,27915,14007,0,0,1489,725,0,0,0,0,781,521,0,0,0,0,615,102,5016,2453,4154,2062,862,391
2019,충남,43461,21665,7135,3528,383,247,27906,13929,0,0,1561,759,0,0,0,0,863,572,0,0,0,0,591,101,5022,2529,3927,2024,1095,505
2020,충남,42855,21392,6565,3291,380,220,27818,13827,0,0,1439,688,0,0,0,0,941,614,0,0,0,0,586,108,5126,2644,3985,2093,1141,551
2021,충남,40688,19831,5394,2767,381,218,27408,13150,0,0,1162,567,0,0,0,0,720,450,0,0,0,0,524,91,5099,2588,4081,2146,1018,442
1999,전북,37241,15101,12345,6024,296,223,19017,7249,0,0,2209,490,0,0,0,0,0,0,0,0,0,0,0,0,3374,1115,2909,1028,465,87
2000,전북,36703,15276,12661,6251,348,270,17270,6877,0,0,2563,506,0,0,0,0,0,0,0,0,0,0,0,0,3861,1372,3265,1243,596,129
2001,전북,40119,16678,13896,6559,346,275,19852,8020,0,0,2291,380,0,0,0,0,0,0,0,0,0,0,0,0,3734,1444,3174,1313,560,131
2002,전북,35483,15418,11496,5779,365,276,17852,7350,0,0,1803,395,0,0,0,0,0,0,0,0,0,0,0,0,3967,1618,3347,1435,620,183
2003,전북,32364,14400,10205,5204,400,293,16471,6931,0,0,1424,266,0,0,0,0,0,0,0,0,0,0,0,0,3864,1706,3247,1515,617,191
2004,전북,32327,14752,9793,5052,457,310,16385,7001,0,0,1245,382,0,0,0,0,572,338,0,0,0,0,0,0,3875,1669,3135,1465,740,204
2005,전북,32903,15209,9499,4968,456,315,17000,7177,0,0,1028,304,0,0,0,0,972,628,0,0,0,0,0,0,3948,1817,3187,1580,761,237
2006,전북,32993,15258,9756,5131,456,292,16444,6860,0,0,1677,581,0,0,0,0,623,422,0,0,0,0,0,0,4037,1972,3306,1737,731,235
2007,전북,34777,16081,10627,5593,425,299,17269,7274,0,0,1733,480,0,0,0,0,654,446,0,0,0,0,0,0,4069,1989,3283,1708,786,281
2008,전북,33348,15689,9314,5453,396,284,17369,7036,0,0,1505,377,0,0,0,0,781,529,0,0,0,0,0,0,3983,2010,3300,1755,683,255
2009,전북,34307,16159,9193,5199,424,277,17515,7160,0,0,1509,467,0,0,0,0,1272,860,0,0,0,0,0,0,4394,2196,3574,1850,820,346
2010,전북,35157,16804,9407,5187,392,249,17902,7582,0,0,1483,528,0,0,0,0,1541,1029,0,0,0,0,0,0,4432,2229,3562,1859,870,370
2011,전북,35088,16661,9676,5163,351,239,17824,7776,0,0,1460,494,0,0,0,0,1192,849,0,0,0,0,356,9,4229,2131,3399,1787,830,344
2012,전북,33537,15431,9025,4806,310,202,17138,7140,0,0,1191,422,0,0,0,0,1199,815,0,0,0,0,351,12,4323,2034,3460,1668,863,366
2013,전북,31622,14645,8406,4494,305,197,16235,6975,0,0,1393,519,0,0,0,0,578,369,0,0,0,0,374,10,4331,2081,3500,1713,831,368
2014,전북,31503,14798,8159,4390,305,221,15856,6738,0,0,1584,629,0,0,0,0,1060,698,0,0,0,0,377,15,4162,2107,3248,1703,914,404
2015,전북,31589,14953,8629,4594,303,215,15573,6638,0,0,1528,631,0,0,0,0,1164,818,0,0,0,0,351,9,4041,2048,3189,1674,852,374
2016,전북,31028,15006,8384,4497,299,211,15159,6686,0,0,1460,586,0,0,0,0,1417,1006,0,0,0,0,378,12,3931,2008,3069,1644,862,364
2017,전북,30477,14756,8273,4477,299,220,14949,6557,0,0,1403,607,0,0,0,0,1366,945,0,0,0,0,362,10,3825,1940,2904,1557,921,383
2018,전북,30047,14588,8037,4366,302,188,14755,6433,0,0,1332,640,0,0,0,0,1390,952,0,0,0,0,357,9,3874,2000,2871,1554,1003,446
2019,전북,30428,14547,7718,4184,301,178,15131,6450,0,0,1337,603,0,0,0,0,1384,957,0,0,0,0,329,2,4228,2173,2883,1518,1345,655
2020,전북,29980,14391,7423,4009,297,165,15182,6448,0,0,1385,677,0,0,0,0,1398,1019,0,0,0,0,335,12,3960,2061,2749,1495,1211,566
2021,전북,27818,13466,7127,3878,303,173,13522,5726,0,0,1217,616,0,0,0,0,1430,1005,0,0,0,0,275,10,3944,2058,2755,1499,1189,559
1999,전남,27191,10519,13883,5782,0,0,10974,4103,0,0,1290,339,0,0,0,0,0,0,0,0,0,0,0,0,1044,295,996,289,48,6
2000,전남,26849,10429,14148,5783,0,0,9667,3818,0,0,1509,392,0,0,0,0,0,0,0,0,0,0,0,0,1525,436,1404,420,121,16
2001,전남,29979,11823,16301,7037,0,0,10076,3765,0,0,1885,450,0,0,0,0,0,0,0,0,0,0,0,0,1717,571,1558,542,159,29
2002,전남,26857,11159,14296,6434,0,0,9447,3716,0,0,1454,409,0,0,0,0,0,0,0,0,0,0,0,0,1660,600,1467,574,193,26
2003,전남,25154,10978,14030,6800,0,0,8301,3135,0,0,1030,333,0,0,0,0,0,0,0,0,0,0,0,0,1793,710,1570,667,223,43
2004,전남,24983,11384,12790,6652,0,0,9325,3569,0,0,1220,461,0,0,0,0,0,0,0,0,0,0,0,0,1648,702,1441,663,207,39
2005,전남,24855,11609,12817,6765,0,0,8895,3568,0,0,1418,535,0,0,0,0,0,0,0,0,0,0,0,0,1725,741,1529,691,196,50
2006,전남,24767,11914,13983,7598,0,0,8294,3263,0,0,977,357,0,0,0,0,0,0,0,0,0,0,0,0,1513,696,1318,644,195,52
2007,전남,25890,12600,13973,7713,0,0,9214,3776,0,0,1020,389,0,0,0,0,0,0,0,0,0,0,0,0,1683,722,1442,660,241,62
2008,전남,25683,12635,13816,7826,0,0,9178,3673,0,0,1109,456,0,0,0,0,0,0,0,0,0,0,0,0,1580,680,1368,614,212,66
2009,전남,24890,12259,13270,7476,0,0,8849,3642,0,0,1248,510,0,0,0,0,0,0,0,0,0,0,0,0,1523,631,1278,565,245,66
2010,전남,25800,13028,13864,7965,0,0,8975,3769,0,0,1336,578,0,0,0,0,0,0,0,0,0,0,0,0,1625,716,1364,637,261,79
2011,전남,24872,12299,12599,7079,0,0,9495,4082,0,0,955,388,0,0,0,0,0,0,0,0,0,0,168,6,1655,744,1351,626,304,118
2012,전남,22756,11137,11008,6209,0,0,10204,4304,0,0,0,0,0,0,0,0,0,0,0,0,0,0,172,3,1372,621,1096,531,276,90
2013,전남,21409,10387,10144,5740,0,0,9655,3950,0,0,0,0,0,0,0,0,0,0,0,0,0,0,177,0,1433,697,1164,586,269,111
2014,전남,20587,9742,9542,5107,0,0,9369,3901,0,0,0,0,0,0,0,0,0,0,23,0,0,0,168,2,1485,732,1197,612,288,120
2015,전남,20346,9709,9717,5152,0,0,9002,3847,0,0,0,0,0,0,0,0,0,0,17,0,0,0,166,4,1444,706,1125,581,319,125
2016,전남,19825,9426,9266,4826,0,0,9050,3935,0,0,0,0,0,0,0,0,0,0,22,0,0,0,168,5,1319,660,1040,543,279,117
2017,전남,19014,9108,8827,4695,0,0,8714,3755,0,0,0,0,0,0,0,0,0,0,17,0,0,0,152,3,1304,655,1044,541,260,114
2018,전남,18894,8837,8811,4602,0,0,8638,3591,0,0,0,0,0,0,0,0,0,0,18,0,0,0,158,0,1269,644,982,519,287,125
2019,전남,18500,8381,8402,4196,0,0,8707,3556,0,0,0,0,0,0,0,0,0,0,11,0,0,0,137,6,1243,623,935,490,308,133
2020,전남,18111,8282,8064,4073,0,0,8621,3445,0,0,0,0,0,0,0,0,0,0,17,0,0,0,8,1,1401,763,1033,585,368,178
2021,전남,16775,7541,7267,3666,0,0,7959,3158,0,0,0,0,0,0,0,0,0,0,19,1,0,0,118,2,1412,714,1077,569,335,145
1999,경북,65443,26884,31927,14274,0,0,27021,10812,0,0,2500,468,0,0,0,0,0,0,0,0,0,0,0,0,3995,1330,3406,1213,589,117
2000,경북,66307,27997,31035,13896,0,0,28156,11920,0,0,2726,578,0,0,0,0,0,0,0,0,0,0,0,0,4390,1603,3845,1473,545,130
2001,경북,68149,29088,32468,14945,0,0,28370,11849,0,0,2939,688,0,0,0,0,0,0,0,0,0,0,0,0,4372,1606,3792,1469,580,137
2002,경북,61088,26797,26678,12879,0,0,27627,11617,0,0,2278,576,0,0,0,0,0,0,0,0,0,0,0,0,4505,1725,3904,1566,601,159
2003,경북,54709,24421,21920,11216,0,0,26721,11016,0,0,2209,550,0,0,0,0,0,0,0,0,0,0,0,0,3859,1639,3449,1502,410,137
2004,경북,54426,24251,19429,10281,0,0,28352,11476,0,0,2236,462,0,0,0,0,259,154,0,0,0,0,0,0,4150,1878,3572,1650,578,228
2005,경북,54204,23856,18377,9516,0,0,27868,11316,0,0,2665,713,0,0,0,0,415,303,0,0,0,0,0,0,4879,2008,4090,1769,789,239
2006,경북,54422,24248,19256,9875,0,0,27689,11286,0,0,2529,695,0,0,0,0,241,157,0,0,0,0,0,0,4707,2235,3867,1933,840,302
2007,경북,55567,25014,19951,10716,0,0,27528,11028,0,0,2754,730,0,0,0,0,285,199,0,0,0,0,0,0,5049,2341,4097,2030,952,311
2008,경북,55369,25142,20007,10825,0,0,27076,10845,0,0,2766,737,0,0,0,0,464,349,0,0,0,0,0,0,5056,2386,4074,2033,982,353
2009,경북,55337,25816,18898,10185,0,0,28215,11464,0,0,1467,437,0,0,0,0,1656,1349,0,0,0,0,0,0,5101,2381,4009,1995,1092,386
2010,경북,57762,26845,18367,9934,0,0,30849,12600,0,0,1516,494,0,0,0,0,1585,1276,0,0,0,0,0,0,5445,2541,4170,2069,1275,472
2011,경북,59103,27147,18720,9638,0,0,31111,13077,0,0,1558,482,0,0,0,0,2157,1534,0,0,0,0,365,12,5192,2404,3917,1933,1275,471
2012,경북,56777,26419,17642,9214,0,0,31531,13395,0,0,0,0,0,0,0,0,2012,1432,0,0,0,0,374,14,5218,2364,3940,1891,1278,473
2013,경북,52474,24890,16398,8860,0,0,29367,12811,0,0,0,0,0,0,0,0,1372,864,0,0,0,0,347,14,4990,2341,3769,1870,1221,471
2014,경북,52951,25260,15985,8551,0,0,28678,12411,0,0,0,0,0,0,0,0,2619,1811,29,0,0,0,365,18,5275,2469,3925,1982,1350,487
2015,경북,51161,25221,15058,8275,0,0,28015,12616,0,0,0,0,0,0,0,0,2535,1836,26,1,0,0,353,11,5174,2482,3866,1975,1308,507
2016,경북,49642,24757,14707,7960,0,0,27170,12691,0,0,0,0,0,0,0,0,2266,1651,20,0,0,0,360,9,5119,2446,3767,1951,1352,495
2017,경북,47721,23719,13490,7469,0,0,26647,12166,0,0,0,0,0,0,0,0,2420,1708,21,0,0,0,350,15,4793,2361,3484,1857,1309,504
2018,경북,46877,23293,13146,7228,0,0,26433,12182,0,0,0,0,0,0,0,0,2446,1733,24,0,0,0,327,10,4501,2140,3220,1628,1281,512
2019,경북,46717,23180,13029,7211,0,0,26487,12020,0,0,0,0,0,0,0,0,2505,1767,15,0,0,0,339,16,4342,2166,3133,1619,1209,547
2020,경북,46660,22935,12792,6993,0,0,26320,11689,0,0,0,0,0,0,0,0,2854,2085,21,0,0,0,295,7,4378,2161,3082,1651,1296,510
2021,경북,44111,21713,12234,6727,0,0,23648,10395,0,0,0,0,0,0,0,0,3208,2301,26,1,0,0,381,9,4614,2280,3243,1713,1371,567
1999,경남,38083,15671,18800,7963,417,312,11722,5156,0,0,4412,1358,0,0,0,0,0,0,0,0,0,0,0,0,2732,882,2407,833,325,49
2000,경남,41349,17631,20420,8940,463,349,12114,5724,0,0,5145,1596,0,0,0,0,0,0,0,0,0,0,0,0,3207,1022,2800,931,407,91
2001,경남,41892,17729,20584,9048,463,348,12062,5618,0,0,5142,1543,0,0,0,0,0,0,0,0,0,0,0,0,3641,1172,3165,1071,476,101
2002,경남,38830,16503,18040,8335,463,347,11718,5011,0,0,4905,1572,0,0,0,0,0,0,0,0,0,0,0,0,3704,1238,3200,1119,504,119
2003,경남,35169,15509,13561,6702,473,356,12647,5510,0,0,4580,1478,0,0,0,0,0,0,0,0,0,0,0,0,3908,1463,3428,1325,480,138
2004,경남,34509,15155,12782,6250,556,388,13470,5767,0,0,4545,1567,0,0,0,0,0,0,0,0,0,0,0,0,3156,1183,2681,1043,475,140
2005,경남,33882,14960,12530,6192,556,393,12897,5480,0,0,4366,1444,0,0,0,0,0,0,0,0,0,0,0,0,3533,1451,3022,1293,511,158
2006,경남,32388,14311,12421,5945,557,371,14447,6117,0,0,1404,368,0,0,0,0,0,0,0,0,0,0,0,0,3559,1510,3004,1334,555,176
2007,경남,33726,14612,12590,6022,520,357,15117,6124,0,0,1414,378,0,0,0,0,0,0,40,0,0,0,0,0,4045,1731,3426,1548,619,183
2008,경남,32903,14248,12312,5775,490,343,14970,6110,0,0,1410,389,0,0,0,0,0,0,30,1,0,0,0,0,3691,1630,3147,1444,544,186
2009,경남,31236,13548,11558,5404,472,301,13893,5700,0,0,1435,380,0,0,0,0,0,0,40,0,0,0,0,0,3838,1763,3238,1560,600,203
2010,경남,33922,15074,12893,5858,433,297,14647,6399,0,0,1488,422,0,0,0,0,0,0,40,0,0,0,0,0,4421,2098,3710,1808,711,290
2011,경남,34543,14933,12834,5874,396,273,16080,6825,0,0,0,0,0,0,0,0,0,0,40,0,0,0,952,24,4241,1937,3572,1692,669,245
2012,경남,33281,14310,12218,5498,356,245,15749,6688,0,0,0,0,0,0,0,0,0,0,40,0,0,0,979,24,3939,1855,3316,1594,623,261
2013,경남,32291,13998,10973,5073,343,228,16059,6967,0,0,0,0,0,0,0,0,0,0,105,17,0,0,1085,32,3726,1681,3095,1409,631,272
2014,경남,31778,13622,10893,4787,341,245,15763,6877,0,0,0,0,0,0,0,0,0,0,74,4,0,0,1100,34,3607,1675,2974,1412,633,263
2015,경남,30487,13272,9671,4233,338,248,15408,6930,0,0,0,0,0,0,0,0,0,0,66,5,0,0,1092,41,3912,1815,3210,1534,702,281
2016,경남,29378,13020,9137,4082,339,223,14914,6845,0,0,0,0,0,0,0,0,0,0,30,4,0,0,1112,52,3846,1814,3133,1518,713,296
2017,경남,27815,12389,8316,3809,346,230,14467,6534,0,0,0,0,0,0,0,0,0,0,0,0,0,0,1091,50,3595,1766,2896,1503,699,263
2018,경남,27504,12465,8119,3813,339,238,14319,6505,0,0,0,0,0,0,0,0,0,0,0,0,0,0,1062,52,3665,1857,2977,1571,688,286
2019,경남,26786,11840,8247,3861,341,221,13943,5993,0,0,0,0,0,0,0,0,0,0,0,0,0,0,1036,41,3219,1724,2532,1396,687,328
2020,경남,26018,11605,7760,3693,337,210,13474,5888,0,0,0,0,0,0,0,0,0,0,0,0,0,0,1030,40,3417,1774,2704,1449,713,325
2021,경남,23614,10518,7063,3434,338,205,11698,5015,0,0,0,0,0,0,0,0,0,0,0,0,0,0,928,36,3587,1828,2858,1503,729,325
1999,제주,9336,4074,5835,2760,123,93,2868,1079,0,0,0,0,0,0,0,0,0,0,0,0,0,0,0,0,510,142,471,137,39,5
2000,제주,10316,4715,6350,3083,133,93,3205,1327,0,0,0,0,0,0,0,0,0,0,0,0,0,0,0,0,628,212,574,205,54,7
2001,제주,10313,4773,6388,3104,133,94,3113,1341,0,0,0,0,0,0,0,0,0,0,0,0,0,0,0,0,679,234,619,220,60,14
2002,제주,9340,4437,5751,2953,144,102,2775,1140,0,0,0,0,0,0,0,0,0,0,0,0,0,0,0,0,670,242,605,225,65,17
2003,제주,8333,4000,4799,2513,164,116,2730,1107,0,0,0,0,0,0,0,0,0,0,0,0,0,0,0,0,640,264,568,238,72,26
2004,제주,7884,3728,4274,2179,164,116,2712,1109,0,0,0,0,0,0,0,0,0,0,0,0,0,0,0,0,734,324,636,295,98,29
2005,제주,7566,3580,4021,2040,164,113,2654,1095,0,0,0,0,0,0,0,0,0,0,0,0,0,0,0,0,727,332,643,310,84,22
2006,제주,7357,3525,4075,2120,169,115,2414,986,0,0,0,0,0,0,0,0,0,0,0,0,0,0,0,0,699,304,600,278,99,26
2007,제주,7391,3672,4016,2095,152,103,2478,1114,0,0,0,0,0,0,0,0,0,0,0,0,0,0,0,0,745,360,636,325,109,35
2008,제주,7376,3472,3932,1991,144,97,2557,1035,0,0,0,0,0,0,0,0,0,0,0,0,0,0,0,0,743,349,616,306,127,43
2009,제주,7220,3469,3812,1970,0,0,2611,1130,0,0,0,0,0,0,0,0,0,0,0,0,0,0,0,0,797,369,669,324,128,45
2010,제주,7491,3745,4090,2161,0,0,2603,1190,0,0,0,0,0,0,0,0,0,0,0,0,0,0,0,0,798,394,671,339,127,55
2011,제주,7325,3585,3928,2033,0,0,2591,1202,0,0,0,0,0,0,0,0,0,0,0,0,0,0,0,0,806,350,661,300,145,50
2012,제주,7273,3591,3437,1847,0,0,3037,1357,0,0,0,0,0,0,0,0,0,0,0,0,0,0,0,0,799,387,653,339,146,48
2013,제주,7290,3511,3466,1811,0,0,2936,1291,0,0,0,0,0,0,0,0,0,0,0,0,0,0,0,0,888,409,722,352,166,57
2014,제주,7043,3577,3515,1824,0,0,2674,1319,0,0,0,0,0,0,0,0,0,0,0,0,0,0,0,0,854,434,697,373,157,61
2015,제주,7247,3574,3407,1700,0,0,2906,1387,0,0,0,0,0,0,0,0,0,0,0,0,0,0,0,0,934,487,749,409,185,78
2016,제주,7108,3604,3261,1674,0,0,2871,1407,0,0,0,0,0,0,0,0,0,0,0,0,0,0,17,10,959,513,772,426,187,87
2017,제주,6782,3432,3104,1619,0,0,2754,1316,0,0,0,0,0,0,0,0,0,0,0,0,0,0,29,10,895,487,712,402,183,85
2018,제주,6877,3488,3274,1682,0,0,2733,1365,0,0,0,0,0,0,0,0,0,0,0,0,0,0,30,8,840,433,673,360,167,73
2019,제주,6803,3403,3386,1732,0,0,2597,1235,0,0,0,0,0,0,0,0,0,0,0,0,0,0,29,12,791,424,601,343,190,81
2020,제주,6363,3271,3035,1585,0,0,2462,1216,0,0,0,0,0,0,0,0,0,0,0,0,0,0,28,8,838,462,633,374,205,88
2021,제주,5835,3050,2567,1352,0,0,2398,1200,0,0,0,0,0,0,0,0,0,0,0,0,0,0,30,15,840,483,631,390,209,93
,,,,,,,,,,,,,,,,,,,,,,,,,,,,,,,
,,,,,,,,,,,,,,,,,,,,,,,,,,,,,,,
주석,,,,,,,,,,,,,,,,,,,,,,,,,,,,,,,
"1. 조사기준일: 해당연도 4월 1일

2. 출처: 한국교육개발원 교육통계서비스(https://kess.kedi.re.kr)",,,,,,,,,,,,,,,,,,,,,,,,,,,,,,,